id,d1,d2,d3,d4,d5,d6
1,01,02,08,42,51,57
2,01,02,17,18,46,59
3,01,02,18,20,31,51
4,01,02,18,22,26,42
5,01,03,09,10,13,28
6,01,03,10,26,49,54
7,01,03,18,38,41,52
8,01,03,24,29,41,55
9,01,04,05,06,11,47
10,01,04,07,26,42,55
11,01,04,21,24,27,59
12,01,04,28,46,51,56
13,01,04,33,41,57,58
14,01,05,10,20,29,49
15,01,05,19,23,59,60
16,01,05,27,35,36,47
17,01,05,34,54,55,58
18,01,06,11,19,21,56
19,01,06,23,41,55,56
20,01,06,32,44,54,57
21,01,06,41,50,51,52
22,01,07,15,19,38,44
23,01,07,26,29,33,39
24,01,07,26,30,43,59
25,01,08,14,35,46,50
26,01,08,22,26,36,58
27,01,09,16,17,19,50
28,01,09,22,31,33,53
29,01,09,24,38,51,52
30,01,10,13,19,51,60
31,01,10,22,28,39,46
32,01,10,24,34,57,59
33,01,11,31,36,41,56
34,01,11,33,35,40,50
35,01,12,19,34,57,59
36,01,12,29,40,42,59
37,01,13,20,21,23,53
38,01,13,20,22,25,33
39,01,13,26,29,37,53
40,01,15,23,34,38,50
41,01,15,35,42,44,59
42,01,16,17,37,43,50
43,01,16,24,34,35,37
44,01,16,25,29,30,36
45,01,16,29,33,42,45
46,01,16,36,38,42,58
47,01,17,27,33,47,58
48,01,17,30,44,51,57
49,01,20,21,30,48,51
50,01,20,29,39,44,47
51,01,20,31,41,44,45
52,01,24,35,39,51,60
53,01,24,35,43,48,49
54,01,25,29,33,34,40
55,01,27,29,30,40,57
56,01,27,46,47,49,54
57,01,32,36,39,48,57
58,01,37,38,39,43,45
59,02,03,04,21,47,58
60,02,03,08,27,35,48
61,02,03,14,39,45,46
62,02,03,18,26,45,54
63,02,04,07,14,31,54
64,02,04,12,14,50,60
65,02,04,14,46,48,57
66,02,04,16,19,26,27
67,02,04,21,22,55,56
68,02,04,21,23,31,40
69,02,05,06,09,12,46
70,02,05,07,13,20,57
71,02,05,41,42,49,53
72,02,06,07,35,38,59
73,02,06,09,18,40,53
74,02,06,09,39,54,55
75,02,06,15,53,59,60
76,02,06,18,19,48,51
77,02,06,24,39,42,47
78,02,07,17,23,45,49
79,02,07,20,27,43,55
80,02,07,20,41,44,49
81,02,08,09,33,42,51
82,02,09,11,15,34,46
83,02,09,24,31,32,33
84,02,09,25,33,48,59
85,02,09,31,47,48,56
86,02,10,12,21,30,59
87,02,10,22,30,35,42
88,02,10,22,32,33,54
89,02,10,24,25,31,37
90,02,11,12,41,49,53
91,02,11,22,44,48,54
92,02,11,27,37,41,46
93,02,11,34,40,44,58
94,02,12,24,30,36,47
95,02,13,33,41,51,60
96,02,16,43,51,59,60
97,02,17,18,20,33,48
98,02,18,33,52,57,58
99,02,20,27,37,42,44
100,02,21,22,41,46,55
101,02,24,33,46,49,52
102,02,31,39,49,50,57
103,02,32,36,38,48,60
104,02,32,37,38,47,60
105,02,34,44,49,54,59
106,02,36,37,40,43,48
107,03,04,05,16,30,41
108,03,04,09,22,23,42
109,03,04,10,17,33,56
110,03,04,11,39,41,52
111,03,04,15,23,29,30
112,03,05,10,41,43,54
113,03,06,08,20,29,52
114,03,06,13,14,25,56
115,03,07,10,19,20,50
116,03,07,12,24,25,60
117,03,07,17,25,34,37
118,03,07,45,49,51,56
119,03,08,12,39,52,59
120,03,08,14,16,33,36
121,03,08,18,44,54,57
122,03,08,19,20,48,56
123,03,08,20,45,52,56
124,03,09,10,24,37,47
125,03,09,16,28,31,48
126,03,10,13,27,32,33
127,03,10,14,46,50,52
128,03,10,17,20,28,56
129,03,10,20,22,24,60
130,03,11,12,31,44,56
131,03,11,19,29,33,59
132,03,12,22,26,50,59
133,03,12,38,53,57,58
134,03,13,19,26,33,41
135,03,14,15,20,24,38
136,03,14,17,48,50,51
137,03,14,23,28,35,40
138,03,15,18,30,38,59
139,03,18,26,29,34,55
140,03,18,37,46,53,57
141,03,20,26,40,49,53
142,03,20,43,46,49,51
143,03,21,31,47,54,58
144,03,21,39,43,45,53
145,03,22,26,43,51,54
146,03,23,24,35,43,54
147,03,25,27,31,36,55
148,03,30,36,37,39,49
149,03,31,43,48,52,53
150,03,32,41,45,47,53
151,03,41,44,46,51,60
152,03,46,53,56,59,60
153,03,50,51,54,55,58
154,04,05,18,29,50,58
155,04,05,22,23,27,40
156,04,06,10,19,23,35
157,04,06,10,28,32,36
158,04,06,22,30,44,53
159,04,06,24,43,51,59
160,04,07,39,40,54,58
161,04,08,11,18,19,24
162,04,08,19,33,43,60
163,04,09,15,42,44,47
164,04,09,16,24,27,55
165,04,09,19,29,48,59
166,04,09,32,39,40,42
167,04,09,37,53,55,59
168,04,10,19,37,39,51
169,04,11,20,36,38,49
170,04,11,24,25,28,29
171,04,11,29,37,43,48
172,04,12,13,29,40,42
173,04,12,19,21,29,43
174,04,13,17,19,27,33
175,04,13,17,34,40,52
176,04,14,23,24,26,47
177,04,14,35,43,52,55
178,04,15,20,24,54,56
179,04,16,30,35,54,58
180,04,17,19,26,48,55
181,04,17,20,50,53,55
182,04,20,30,32,46,49
183,04,21,23,26,45,59
184,04,21,28,46,50,57
185,04,24,28,31,34,53
186,04,24,38,43,44,56
187,04,28,40,50,54,57
188,04,30,32,37,39,52
189,04,35,47,49,58,60
190,05,06,13,20,25,48
191,05,06,35,39,45,57
192,05,07,09,18,44,48
193,05,08,10,39,42,48
194,05,08,14,26,42,46
195,05,08,15,17,30,52
196,05,08,24,35,37,51
197,05,09,11,16,22,26
198,05,09,14,17,23,36
199,05,09,21,25,33,58
200,05,09,26,27,50,54
201,05,09,29,33,48,58
202,05,09,30,31,35,40
203,05,10,12,32,41,55
204,05,10,24,30,37,58
205,05,10,39,40,42,45
206,05,12,14,30,33,46
207,05,13,17,32,36,39
208,05,13,22,25,26,53
209,05,13,30,34,45,54
210,05,13,31,36,38,44
211,05,14,15,39,49,56
212,05,14,30,42,47,52
213,05,15,20,30,44,48
214,05,16,20,40,42,57
215,05,17,19,31,53,56
216,05,17,20,22,37,58
217,05,18,20,29,38,59
218,05,19,20,23,27,29
219,05,19,22,27,40,59
220,05,20,28,43,54,55
221,05,20,33,36,44,50
222,05,22,26,31,44,47
223,05,23,26,31,38,41
224,05,24,25,36,42,43
225,05,28,29,41,43,57
226,05,34,35,47,54,56
227,06,07,10,17,18,36
228,06,07,35,37,50,59
229,06,08,12,38,52,53
230,06,08,23,41,51,60
231,06,09,18,22,27,41
232,06,10,14,34,52,58
233,06,12,20,22,24,49
234,06,12,24,44,50,51
235,06,14,18,37,47,48
236,06,14,23,42,44,50
237,06,15,19,23,42,49
238,06,15,19,38,44,46
239,06,15,23,26,48,57
240,06,16,17,37,54,58
241,06,16,18,20,24,45
242,06,16,20,23,46,59
243,06,16,29,31,41,54
244,06,17,20,21,39,57
245,06,19,20,32,37,40
246,06,19,22,44,56,57
247,06,20,23,24,36,53
248,06,20,35,50,54,60
249,06,23,33,45,46,54
250,06,25,28,37,57,60
251,06,28,34,41,51,52
252,06,28,37,41,48,50
253,06,29,35,40,41,50
254,06,30,35,39,40,51
255,06,40,50,51,52,53
256,07,11,28,44,56,60
257,07,12,16,17,32,57
258,07,12,29,34,53,57
259,07,15,21,22,25,42
260,07,15,24,26,27,36
261,07,15,36,37,38,48
262,07,16,19,20,34,48
263,07,19,24,31,40,48
264,07,21,22,46,50,57
265,07,25,27,33,34,56
266,07,26,33,34,37,51
267,07,26,36,39,43,55
268,07,27,31,43,50,59
269,07,31,36,40,52,54
270,07,33,35,45,53,55
271,07,38,42,45,52,53
272,07,39,41,51,56,57
273,08,09,10,28,33,37
274,08,09,21,22,45,59
275,08,10,17,24,29,59
276,08,10,25,33,47,53
277,08,10,33,40,47,52
278,08,11,14,19,43,53
279,08,11,14,31,36,44
280,08,12,21,40,49,55
281,08,12,29,50,58,60
282,08,13,15,32,46,60
283,08,13,35,54,55,57
284,08,15,17,36,43,57
285,08,15,20,25,40,47
286,08,15,30,35,49,58
287,08,16,26,32,33,56
288,08,18,19,23,29,41
289,08,19,32,38,44,54
290,08,20,22,27,36,52
291,08,22,24,25,57,59
292,08,22,27,31,44,59
293,08,22,27,35,48,58
294,08,22,32,51,54,56
295,08,23,36,42,49,58
296,08,27,28,40,54,55
297,08,27,28,47,52,53
298,08,27,30,43,47,55
299,08,27,35,38,53,54
300,08,27,35,39,43,49
301,08,29,33,44,55,57
302,08,31,33,34,37,60
303,08,47,53,57,58,60
304,09,10,12,15,21,58
305,09,10,31,33,55,60
306,09,12,15,16,24,36
307,09,12,21,25,36,42
308,09,16,25,39,51,60
309,09,17,19,25,34,50
310,09,18,23,33,55,58
311,09,20,27,34,35,48
312,09,21,23,36,50,58
313,09,21,25,37,54,60
314,09,21,41,51,55,57
315,09,22,26,32,34,41
316,09,22,26,34,40,46
317,09,26,39,43,48,60
318,09,30,33,39,41,58
319,10,11,15,37,39,42
320,10,11,19,33,40,42
321,10,12,13,15,33,57
322,10,12,17,18,30,50
323,10,12,17,32,49,52
324,10,12,21,31,36,46
325,10,12,29,32,49,56
326,10,13,20,22,36,51
327,10,13,27,32,38,50
328,10,13,35,37,50,56
329,10,14,16,39,47,59
330,10,15,20,32,53,60
331,10,17,25,28,34,44
332,10,19,21,32,43,50
333,10,20,22,30,37,46
334,10,21,29,36,47,60
335,10,22,26,37,43,60
336,10,22,30,40,45,56
337,10,23,25,26,45,47
338,10,24,44,46,47,60
339,10,25,33,41,42,58
340,10,25,41,45,46,53
341,10,26,29,35,36,53
342,11,12,13,15,33,56
343,11,12,14,33,35,60
344,11,15,35,40,55,60
345,11,16,22,27,43,56
346,11,17,21,35,55,58
347,11,18,35,38,52,55
348,11,20,24,30,31,43
349,11,21,25,37,50,57
350,11,22,36,40,52,60
351,11,23,24,37,38,59
352,11,24,26,28,33,55
353,11,24,32,33,53,59
354,11,26,29,39,48,57
355,11,27,29,46,50,51
356,11,27,35,36,38,41
357,11,30,31,34,38,58
358,11,33,34,44,53,57
359,12,13,15,34,44,49
360,12,13,16,43,46,55
361,12,13,47,54,58,59
362,12,15,20,43,49,54
363,12,15,28,38,47,53
364,12,18,20,43,49,56
365,12,19,34,36,46,50
366,12,21,32,38,40,59
367,12,24,37,45,51,59
368,12,25,31,40,58,60
369,12,27,33,44,46,48
370,12,28,35,40,46,58
371,12,29,34,43,48,59
372,12,30,35,39,45,59
373,12,31,33,35,49,50
374,12,36,48,55,59,60
375,13,14,20,30,36,42
376,13,14,25,41,53,54
377,13,15,26,38,47,55
378,13,16,20,35,39,41
379,13,16,29,35,45,60
380,13,17,31,32,50,57
381,13,19,20,44,49,50
382,13,20,21,26,45,47
383,13,20,22,29,44,56
384,13,20,24,41,42,52
385,13,21,22,23,30,60
386,13,22,29,40,41,43
387,13,22,43,44,55,56
388,13,24,26,35,45,46
389,13,25,26,27,49,58
390,13,27,45,50,55,56
391,14,15,17,50,53,56
392,14,15,19,27,33,43
393,14,15,26,28,45,48
394,14,16,22,33,37,56
395,14,17,27,28,56,58
396,14,18,19,26,46,52
397,14,18,36,40,47,51
398,14,18,39,41,44,45
399,14,19,23,24,36,60
400,14,20,22,39,40,58
401,14,24,27,30,38,40
402,14,26,30,39,42,51
403,14,32,36,41,49,59
404,15,17,20,33,35,57
405,15,17,40,41,48,54
406,15,18,21,25,37,49
407,15,18,25,42,55,58
408,15,19,20,30,35,48
409,15,20,24,30,32,46
410,15,20,25,40,44,59
411,15,21,30,33,44,51
412,15,21,33,41,42,49
413,15,22,28,40,52,53
414,15,24,29,45,51,60
415,15,25,26,35,48,51
416,15,29,30,31,41,54
417,15,29,39,47,59,60
418,16,17,18,19,26,32
419,16,17,19,20,33,39
420,16,17,22,25,27,30
421,16,18,25,29,39,46
422,16,20,42,43,48,59
423,16,22,31,49,51,60
424,16,24,34,49,52,54
425,16,29,37,39,45,50
426,17,18,20,25,40,47
427,17,20,29,30,40,42
428,17,22,34,40,45,47
429,17,22,39,40,53,54
430,17,23,25,27,28,56
431,17,25,27,36,38,59
432,17,25,34,36,53,58
433,17,27,30,31,33,40
434,17,32,36,44,46,56
435,17,35,36,38,39,56
436,17,39,46,48,57,60
437,18,19,21,22,43,51
438,18,22,36,41,50,56
439,18,24,32,54,57,58
440,18,25,33,38,40,47
441,18,25,33,47,52,56
442,18,28,36,38,43,53
443,18,29,41,46,52,60
444,18,32,47,48,55,58
445,18,38,41,52,56,60
446,19,20,21,29,51,59
447,19,20,24,41,46,59
448,19,20,31,39,50,55
449,19,21,30,44,55,57
450,19,26,31,50,57,60
451,19,27,39,55,58,59
452,19,28,41,42,43,55
453,19,29,32,38,47,50
454,19,41,47,50,53,56
455,20,21,25,34,41,50
456,20,21,27,33,56,60
457,20,22,28,29,30,52
458,20,22,29,30,37,58
459,20,24,27,35,38,44
460,20,30,37,42,43,57
461,20,31,33,43,54,55
462,20,31,35,43,49,52
463,20,31,37,49,52,54
464,20,38,40,44,46,50
465,21,22,43,45,50,56
466,21,23,27,29,58,59
467,21,24,26,34,39,53
468,21,31,43,52,53,60
469,22,24,40,43,55,58
470,22,26,28,46,57,60
471,22,28,36,42,47,51
472,23,30,35,36,46,60
473,23,31,36,55,56,60
474,23,33,42,50,53,54
475,24,31,35,44,46,55
476,24,32,43,44,50,54
477,24,33,37,43,53,58
478,24,42,47,48,52,53
479,25,28,36,41,45,48
480,25,31,39,44,48,54
481,25,32,38,42,44,57
482,25,33,34,35,45,56
483,25,38,40,44,48,60
484,25,46,50,55,57,59
485,26,27,38,42,51,53
486,26,29,35,44,58,59
487,26,44,46,51,53,59
488,27,31,36,37,57,58
489,27,40,46,51,54,55
490,28,34,36,37,41,42
491,29,33,40,44,48,56
492,29,33,44,46,55,58
493,30,36,37,38,45,58
494,31,32,33,34,45,55
495,31,35,38,44,51,60
496,31,40,44,47,58,59
497,32,44,50,51,59,60
498,35,38,43,53,55,60
499,41,46,48,52,53,59
500,42,48,49,53,54,59
